{
    "loss": [
        4.033568382263184,
        2.535846710205078,
        2.1349995136260986,
        1.821162462234497,
        1.5826994180679321,
        1.2694660425186157,
        1.1041748523712158,
        0.8807393312454224,
        0.42069023847579956,
        0.33385664224624634
    ],
    "accuracy": [
        0.7223674535751343,
        0.7739153146743775,
        0.8374429106712341,
        0.8831384181976318,
        0.9545504510402679,
        0.9788720339536667
    ],
    "cpu": [
        35.6,
        32.5,
        24.2,
        25.7,
        23.7,
        24.5,
        25.4,
        25.4,
        21.8,
        23.8
    ],
    "memory": [
        84.7,
        85.9,
        85.9,
        85.9,
        85.9,
        85.9,
        85.9,
        85.9,
        85.9,
        85.9
    ],
    "avg_cpu": 26.259999999999998,
    "avg_memory": 85.78,
    "final_loss": 0.33385664224624634,
    "final_accuracy": 0.9788720339536667
}