{
  "loss": [
    0.736137330532074,
    0.8316807746887207,
    0.627008855342865,
    0.5712860822677612,
    0.5047550201416016,
    0.5380730032920837,
    1.1331855058670044,
    0.36297082901000977,
    0.9437075853347778,
    0.34200361371040344
  ],
  "accuracy": [
    0.52,
    0.58,
    0.48,
    0.5,
    0.46
  ],
  "cpu_usage": [
    49.7,
    53.1,
    49.5,
    29.2,
    42.1,
    37.9,
    24.9,
    24.9,
    52.3,
    36.6
  ],
  "memory_usage": [
    77.7,
    76.5,
    76.4,
    75.8,
    76.8,
    77.3,
    78.0,
    77.5,
    77.9,
    77.0
  ],
  "avg_cpu": 40.019999999999996,
  "avg_memory": 77.09,
  "final_accuracy": 0.46,
  "final_loss": 0.34200361371040344
}