{
  "loss": [
    0.6095976829528809,
    0.5306805968284607,
    0.5360280275344849,
    0.45960333943367004,
    0.38805481791496277,
    1.501319408416748,
    1.459519386291504,
    0.4050041437149048,
    0.9984440803527832,
    0.9553606510162354
  ],
  "accuracy": [
    0.46,
    0.49,
    0.41,
    0.4,
    0.54
  ],
  "cpu_usage": [
    17.1,
    22.9,
    19.5,
    20.4,
    19.7,
    20.8,
    17.7,
    29.9,
    19.5,
    17.6
  ],
  "memory_usage": [
    84.8,
    82.6,
    84.8,
    83.8,
    84.4,
    84.4,
    84.8,
    84.9,
    74.7,
    74.2
  ],
  "avg_cpu": 20.509999999999998,
  "avg_memory": 82.34,
  "final_accuracy": 0.54,
  "final_loss": 0.9553606510162354
}