{
  "comparison_timestamp": "2025-11-14 19:35:09",
  "models_tested": [
    "local",
    "llm"
  ],
  "results": {
    "local": {
      "final_accuracy": 0.45,
      "final_loss": 0.6293714642524719,
      "avg_cpu_usage": 19.81,
      "avg_memory_usage": 58.239999999999995,
      "num_steps": 10
    },
    "llm": {
      "final_accuracy": 0.54,
      "final_loss": 0.9553606510162354,
      "avg_cpu_usage": 20.509999999999998,
      "avg_memory_usage": 82.34,
      "num_steps": 10
    }
  }
}