{
    "loss": [
        0.7531799077987671,
        0.6776155829429626,
        0.5177323818206787,
        0.4713250398635864,
        0.29032307863235474,
        0.2996148467063904,
        0.2747790515422821,
        0.13531361520290375,
        0.1260288506746292,
        0.13033251464366913
    ],
    "accuracy": [
        0.0,
        1.0,
        1.0,
        1.0,
        1.0,
        1.0
    ],
    "cpu": [
        24.9,
        21.5,
        38.1,
        19.0,
        22.7,
        35.4,
        35.6,
        24.7,
        22.5,
        22.5
    ],
    "memory": [
        80.6,
        83.5,
        83.8,
        83.9,
        84.3,
        84.3,
        84.6,
        84.2,
        84.3,
        82.7
    ],
    "avg_cpu": 26.69,
    "avg_memory": 83.62,
    "final_loss": 0.13033251464366913,
    "final_accuracy": 1.0,
    "initial_accuracy": 0.0,
    "iterations": 10
}