{
  "loss": [
    0.6596286296844482,
    0.8471235632896423,
    0.7813454270362854,
    0.7131049633026123,
    0.7886452674865723,
    0.7451704740524292,
    0.6741946935653687,
    0.7140300273895264,
    0.6499720215797424,
    0.6293714642524719
  ],
  "accuracy": [
    0.55,
    0.61,
    0.47,
    0.58,
    0.45
  ],
  "cpu_usage": [
    19.2,
    20.1,
    20.3,
    19.2,
    21.4,
    18.4,
    19.1,
    19.1,
    19.9,
    21.4
  ],
  "memory_usage": [
    58.4,
    57.5,
    58.2,
    57.6,
    59.4,
    57.7,
    59.4,
    57.8,
    58.5,
    57.9
  ],
  "avg_cpu": 19.81,
  "avg_memory": 58.239999999999995,
  "final_accuracy": 0.45,
  "final_loss": 0.6293714642524719
}