{
  "loss": [
    0.700552225112915,
    0.8906461000442505,
    0.5628088712692261,
    0.5629013180732727,
    0.5221554040908813,
    0.8873767852783203,
    0.5602170825004578,
    0.4877917468547821,
    0.4600164294242859,
    0.40332770347595215
  ],
  "accuracy": [
    0.5,
    0.47,
    0.59,
    0.47,
    0.46
  ],
  "cpu_usage": [
    17.2,
    19.8,
    22.3,
    20.1,
    19.5,
    21.4,
    18.9,
    30.4,
    19.1,
    21.8
  ],
  "memory_usage": [
    79.0,
    78.2,
    79.0,
    78.7,
    79.0,
    77.8,
    78.6,
    78.2,
    79.1,
    78.8
  ],
  "avg_cpu": 21.050000000000004,
  "avg_memory": 78.64,
  "final_accuracy": 0.46,
  "final_loss": 0.40332770347595215
}